{"cameraMode":{"drawMode":0,"name":"Shaded","section":"Shading Mode"},"sceneLighting":false,"audioPlay":false,"sceneViewState":{"m_AlwaysRefresh":false,"showFog":true,"showSkybox":false,"showFlares":true,"showImageEffects":true,"showParticleSystems":true,"showVisualEffectGraphs":true,"m_FxEnabled":true},"in2DMode":false,"pivot":{"x":1.4901161193847657e-8,"y":0.16730883717536927,"z":0.026037096977233888},"rotation":{"x":0.07791963964700699,"y":-0.005981719121336937,"z":0.00046744648716412485,"w":0.996942937374115},"size":0.6282544136047363,"orthographic":false}