{"cameraMode":{"drawMode":0,"name":"Shaded","section":"Shading Mode"},"sceneLighting":true,"audioPlay":false,"sceneViewState":{"m_AlwaysRefresh":false,"showFog":true,"showSkybox":true,"showFlares":true,"showImageEffects":true,"showParticleSystems":true,"showVisualEffectGraphs":true,"m_FxEnabled":true},"in2DMode":false,"pivot":{"x":37.65027618408203,"y":13.020750045776368,"z":166.50680541992188},"rotation":{"x":0.01739620231091976,"y":-0.01049820613116026,"z":0.0001826869265642017,"w":0.9997937679290772},"size":152.995361328125,"orthographic":false}