{"cameraMode":{"drawMode":0,"name":"Shaded","section":"Shading Mode"},"sceneLighting":true,"audioPlay":false,"sceneViewState":{"m_AlwaysRefresh":false,"showFog":true,"showSkybox":true,"showFlares":true,"showImageEffects":true,"showParticleSystems":true,"showVisualEffectGraphs":true,"m_FxEnabled":true},"in2DMode":false,"pivot":{"x":115.26410675048828,"y":34.3433837890625,"z":-71.01561737060547},"rotation":{"x":0.1995307207107544,"y":0.03379889950156212,"z":-0.006886505521833897,"w":0.9792857766151428},"size":43.301265716552737,"orthographic":false}