{"cameraMode":{"drawMode":0,"name":"Shaded","section":"Shading Mode"},"sceneLighting":true,"audioPlay":false,"sceneViewState":{"m_AlwaysRefresh":false,"showFog":true,"showSkybox":true,"showFlares":true,"showImageEffects":true,"showParticleSystems":true,"showVisualEffectGraphs":true,"m_FxEnabled":true},"in2DMode":false,"pivot":{"x":26.12256622314453,"y":-93.83694458007813,"z":28.407939910888673},"rotation":{"x":0.6583924889564514,"y":-0.030455511063337327,"z":0.026679402217268945,"w":0.7515864968299866},"size":85.56906127929688,"orthographic":false}