{"cameraMode":{"drawMode":0,"name":"Shaded","section":"Shading Mode"},"sceneLighting":false,"audioPlay":false,"sceneViewState":{"m_AlwaysRefresh":false,"showFog":false,"showSkybox":false,"showFlares":false,"showImageEffects":false,"showParticleSystems":false,"showVisualEffectGraphs":true,"m_FxEnabled":true},"in2DMode":false,"pivot":{"x":0.5183583498001099,"y":1.5227917432785035,"z":0.22177548706531526},"rotation":{"x":-0.060438789427280429,"y":0.8373823761940002,"z":-0.09460504353046417,"w":-0.5349656343460083},"size":0.8163778781890869,"orthographic":false}