{"cameraMode":{"drawMode":0,"name":"Shaded","section":"Shading Mode"},"sceneLighting":false,"audioPlay":false,"sceneViewState":{"m_AlwaysRefresh":false,"showFog":true,"showSkybox":false,"showFlares":true,"showImageEffects":true,"showParticleSystems":true,"showVisualEffectGraphs":true,"m_FxEnabled":true},"in2DMode":false,"pivot":{"x":0.6660366654396057,"y":0.5300719141960144,"z":0.44349735975265505},"rotation":{"x":0.07932529598474503,"y":-0.6372625231742859,"z":0.0661933571100235,"w":0.7636898756027222},"size":0.3057228922843933,"orthographic":false}