{"cameraMode":{"drawMode":0,"name":"Shaded","section":"Shading Mode"},"sceneLighting":false,"audioPlay":false,"sceneViewState":{"m_AlwaysRefresh":false,"showFog":true,"showSkybox":false,"showFlares":true,"showImageEffects":true,"showParticleSystems":true,"showVisualEffectGraphs":true,"m_FxEnabled":true},"in2DMode":false,"pivot":{"x":-0.38949018716812136,"y":0.0690314918756485,"z":0.46702203154563906},"rotation":{"x":0.11731870472431183,"y":-0.6523947715759277,"z":0.10320752114057541,"w":0.7415899038314819},"size":0.6667298078536987,"orthographic":false}