{"cameraMode":{"drawMode":0,"name":"Shaded","section":"Shading Mode"},"sceneLighting":false,"audioPlay":false,"sceneViewState":{"m_AlwaysRefresh":false,"showFog":true,"showSkybox":false,"showFlares":true,"showImageEffects":true,"showParticleSystems":true,"showVisualEffectGraphs":true,"m_FxEnabled":true},"in2DMode":false,"pivot":{"x":-0.5911927223205566,"y":-0.15129327774047852,"z":0.263981431722641},"rotation":{"x":0.12608352303504945,"y":-0.7120687961578369,"z":0.13244442641735078,"w":0.677868127822876},"size":0.6667298078536987,"orthographic":false}