{"cameraMode":{"drawMode":0,"name":"Shaded","section":"Shading Mode"},"sceneLighting":false,"audioPlay":false,"sceneViewState":{"m_AlwaysRefresh":false,"showFog":true,"showSkybox":false,"showFlares":true,"showImageEffects":true,"showParticleSystems":true,"showVisualEffectGraphs":true,"m_FxEnabled":true},"in2DMode":false,"pivot":{"x":0.26934054493904116,"y":-0.06509968638420105,"z":0.03988835960626602},"rotation":{"x":0.09979681670665741,"y":-0.7818741798400879,"z":0.12970960140228272,"w":0.6015661954879761},"size":0.6073950529098511,"orthographic":false}