{"cameraMode":{"drawMode":0,"name":"Shaded","section":"Shading Mode"},"sceneLighting":true,"audioPlay":false,"sceneViewState":{"m_AlwaysRefresh":false,"showFog":true,"showSkybox":true,"showFlares":true,"showImageEffects":true,"showParticleSystems":true,"showVisualEffectGraphs":true,"m_FxEnabled":true},"in2DMode":false,"pivot":{"x":2.1582531929016115,"y":-3.482016086578369,"z":3.5678491592407228},"rotation":{"x":0.22575309872627259,"y":-0.04819905012845993,"z":0.011183938942849636,"w":0.9729302525520325},"size":10.467148780822754,"orthographic":false}