{"cameraMode":{"drawMode":0,"name":"Shaded","section":"Shading Mode"},"sceneLighting":true,"audioPlay":false,"sceneViewState":{"m_AlwaysRefresh":false,"showFog":true,"showSkybox":true,"showFlares":true,"showImageEffects":true,"showParticleSystems":true,"showVisualEffectGraphs":true,"m_FxEnabled":true},"in2DMode":false,"pivot":{"x":32.22551727294922,"y":0.582478404045105,"z":42.29551315307617},"rotation":{"x":0.07791963964700699,"y":-0.005981719121336937,"z":0.00046744648716412485,"w":0.996942937374115},"size":0.6937297582626343,"orthographic":false}